id,title,score,num_comments,author,created_utc,url,over_18,edited,spoiler,stickied
1jegmp8,Why you aren't getting a DE job,328,64,pawtherhood89,2025-03-18 21:35:10,https://www.reddit.com/r/dataengineering/comments/1jegmp8/why_you_arent_getting_a_de_job/,False,False,False,False
1je3p9e,DuckDB now provides an end-to-end solution for reading Iceberg tables in S3 Tables and SageMaker Lakehouse.,113,11,DevWithIt,2025-03-18 12:25:11,https://www.reddit.com/r/dataengineering/comments/1je3p9e/duckdb_now_provides_an_endtoend_solution_for/,False,False,False,False
1jecq39,Is it fair to want to quit because of technical debt?,89,40,Mysterious_Energy_80,2025-03-18 18:56:45,https://www.reddit.com/r/dataengineering/comments/1jecq39/is_it_fair_to_want_to_quit_because_of_technical/,False,False,False,False
1je68aq,Should I learn Kafka,37,18,SmothCerbrosoSimiae,2025-03-18 14:27:24,https://www.reddit.com/r/dataengineering/comments/1je68aq/should_i_learn_kafka/,False,False,False,False
1jecsvd,What data warehouse paradigm do you follow?,36,37,Mysterious_Energy_80,2025-03-18 19:00:00,https://www.reddit.com/r/dataengineering/comments/1jecsvd/what_data_warehouse_paradigm_do_you_follow/,False,False,False,False
1je6zll,"If data is predominantly XLSX files, what is the best way to normalize for reporting purposes?",18,11,MTKPA,2025-03-18 15:00:44,https://www.reddit.com/r/dataengineering/comments/1je6zll/if_data_is_predominantly_xlsx_files_what_is_the/,False,False,False,False
1je1wl0,"AWS has mocks using moto, GCP has ???",10,8,LargeSale8354,2025-03-18 10:34:40,https://www.reddit.com/r/dataengineering/comments/1je1wl0/aws_has_mocks_using_moto_gcp_has/,False,False,False,False
1jehd2x,Dynamic table vs Task& Stream in Snowflake,7,0,Consistent-Jelly-858,2025-03-18 22:06:48,https://www.reddit.com/r/dataengineering/comments/1jehd2x/dynamic_table_vs_task_stream_in_snowflake/,False,False,False,False
1je8obk,Role of java in modern big data engineering,10,4,Paruchuri_varun_,2025-03-18 16:12:19,https://www.reddit.com/r/dataengineering/comments/1je8obk/role_of_java_in_modern_big_data_engineering/,False,False,False,False
1jec0yq,How do platforms like Perplexity Al and Juicebox's PeopleGPT retrieve data from the web real-time?,7,1,No_Way_1569,2025-03-18 18:28:04,https://www.reddit.com/r/dataengineering/comments/1jec0yq/how_do_platforms_like_perplexity_al_and_juiceboxs/,False,False,False,False
1jeheqo,Pyspark in dbt/snowflake,9,7,AccountCompetitive17,2025-03-18 22:08:51,https://www.reddit.com/r/dataengineering/comments/1jeheqo/pyspark_in_dbtsnowflake/,False,False,False,False
1je2f07,The second episode of my free Data Engineering with Microsoft Fabric course is live!,7,1,TybulOnAzure,2025-03-18 11:07:43,https://www.reddit.com/r/dataengineering/comments/1je2f07/the_second_episode_of_my_free_data_engineering/,False,False,False,False
1jelooq,How can I use multiple catalogs with spark sql and AWS glue?,3,3,sghokie,2025-03-19 01:26:39,https://www.reddit.com/r/dataengineering/comments/1jelooq/how_can_i_use_multiple_catalogs_with_spark_sql/,False,False,False,False
1jejvoh,Is Certification the Key Differentiator for a Junior Data Engineer?,2,0,Vegetable_Smile_9788,2025-03-18 23:59:04,https://www.reddit.com/r/dataengineering/comments/1jejvoh/is_certification_the_key_differentiator_for_a/,False,False,False,False
1jejicb,Platforms to practice data modelling with others?,3,0,seikoalpinist197,2025-03-18 23:41:39,https://www.reddit.com/r/dataengineering/comments/1jejicb/platforms_to_practice_data_modelling_with_others/,False,False,False,False
1jecdhb,Choosing a data architecture for non-profit organisation,3,7,xx7secondsxx,2025-03-18 18:42:15,https://www.reddit.com/r/dataengineering/comments/1jecdhb/choosing_a_data_architecture_for_nonprofit/,False,False,False,False
1je069c,ðŸ¤– Matrices for Machine Learning with Python,3,0,Veerans,2025-03-18 08:24:06,https://www.bigdatanewsweekly.com/p/matrices-for-machine-learning-with-python,False,False,False,False
1jer5w4,Data Analysis Project Feedback,1,1,perfjabe,2025-03-19 07:00:30,https://www.reddit.com/r/dataengineering/comments/1jer5w4/data_analysis_project_feedback/,False,False,False,False
1jemea7,Architecture questions for a twitter sentiment project,1,2,shadowknife392,2025-03-19 02:02:51,https://www.reddit.com/r/dataengineering/comments/1jemea7/architecture_questions_for_a_twitter_sentiment/,False,False,False,False
1jehigj,OSINT and Data Engineering?,2,3,unhinged_peasant,2025-03-18 22:13:14,https://www.reddit.com/r/dataengineering/comments/1jehigj/osint_and_data_engineering/,False,False,False,False
1jeh77a,Data Architecture suggestion,2,1,meanthesong,2025-03-18 21:59:54,https://www.reddit.com/r/dataengineering/comments/1jeh77a/data_architecture_suggestion/,False,False,False,False
1jeekou,"I made a Snowflake native app that generates synthetic card transaction data privately, securely and quicklyc",2,1,matt-ice,2025-03-18 20:10:28,https://www.reddit.com/r/dataengineering/comments/1jeekou/i_made_a_snowflake_native_app_that_generates/,False,False,False,False
1jebjcw,"DeepSeek smallpond, 3FS and data processing for AI",2,0,xylene25,2025-03-18 18:08:13,https://blog.getdaft.io/p/deepseek-smallpond-3fs-and-data-processing,False,False,False,False
1je22ki,Transition from Data Engineer to Data Analyst,2,8,SheepPoet,2025-03-18 10:45:54,https://www.reddit.com/r/dataengineering/comments/1je22ki/transition_from_data_engineer_to_data_analyst/,False,False,False,False
1je1kcs,lightweight setup small project,2,4,lschozar,2025-03-18 10:11:30,https://www.reddit.com/r/dataengineering/comments/1je1kcs/lightweight_setup_small_project/,False,False,False,False
1jeo4fu,Converting a single-table Smartsheet database into a relational model,1,0,Dudedudemandude,2025-03-19 03:35:23,https://www.reddit.com/r/dataengineering/comments/1jeo4fu/converting_a_singletable_smartsheet_database_into/,False,False,False,False
1jeght2,Seeking Guidance on the Next Step in My Data Engineering Career,1,0,No_Cat_8466,2025-03-18 21:29:17,https://www.reddit.com/r/dataengineering/comments/1jeght2/seeking_guidance_on_the_next_step_in_my_data/,False,False,False,False
1jeelvb,Career progression for non-traditional engineers,1,2,SEANsaysHI,2025-03-18 20:11:47,https://www.reddit.com/r/dataengineering/comments/1jeelvb/career_progression_for_nontraditional_engineers/,False,False,False,False
1jee8a2,Wage possibilities - Senior Data Engineer,1,0,trex_6622,2025-03-18 19:56:44,https://www.reddit.com/r/dataengineering/comments/1jee8a2/wage_possibilities_senior_data_engineer/,False,False,False,False
1jeb3eb,Why I cant create a retention policy on standard and custom objects?,1,0,Evening_Resident_627,2025-03-18 17:50:28,https://www.reddit.com/r/dataengineering/comments/1jeb3eb/why_i_cant_create_a_retention_policy_on_standard/,False,False,False,False
1je9y2q,It's SAC a good option in 2025?,1,1,Extra-Conference-435,2025-03-18 17:04:31,https://www.reddit.com/r/dataengineering/comments/1je9y2q/its_sac_a_good_option_in_2025/,False,False,False,False
1je8y7y,WarpStream Diagnostics: Keep Your Data Stream Clean and Cost-Effective,1,0,warpstream_official,2025-03-18 16:23:29,https://www.reddit.com/r/dataengineering/comments/1je8y7y/warpstream_diagnostics_keep_your_data_stream/,False,False,False,False
1je7xt4,System Design Questions,1,2,Arsenalis,2025-03-18 15:41:35,https://www.reddit.com/r/dataengineering/comments/1je7xt4/system_design_questions/,False,False,False,False
1je7wua,Azure Synapse ELT/ETL Architecture Storage,1,5,Superb-Violinist-520,2025-03-18 15:40:30,https://www.reddit.com/r/dataengineering/comments/1je7wua/azure_synapse_eltetl_architecture_storage/,False,False,False,False
1je7abd,What kind of DMBook can I use in CDMP exam?,1,0,moritzis,2025-03-18 15:13:28,https://www.reddit.com/r/dataengineering/comments/1je7abd/what_kind_of_dmbook_can_i_use_in_cdmp_exam/,False,False,False,False
1je6fyq,EL tool migration and how to proceed with the staged tables,1,3,NectarineNo7098,2025-03-18 14:36:53,https://www.reddit.com/r/dataengineering/comments/1je6fyq/el_tool_migration_and_how_to_proceed_with_the/,False,False,False,False
1je5s4i,Has anyone been able to run pyspark on kubernetes?,1,0,juan_berger,2025-03-18 14:07:14,https://www.reddit.com/r/dataengineering/comments/1je5s4i/has_anyone_been_able_to_run_pyspark_on_kubernetes/,False,False,False,False
1je1byf,Data Engineer to Gen AI,0,14,iarjun7,2025-03-18 09:54:53,https://www.reddit.com/r/dataengineering/comments/1je1byf/data_engineer_to_gen_ai/,False,False,False,False
1jegooi,"For anyone who transitioned from BI to DE, what roles did you have?",0,7,blreadernewby,2025-03-18 21:37:29,https://www.reddit.com/r/dataengineering/comments/1jegooi/for_anyone_who_transitioned_from_bi_to_de_what/,False,False,False,False
1jepv5c,Python,0,1,Significant_Log5578,2025-03-19 05:24:36,https://www.reddit.com/r/dataengineering/comments/1jepv5c/python/,False,False,False,False
1jefn4j,Course Selection for Future Data Engineer,0,1,Significant_Log5578,2025-03-18 20:53:45,https://www.reddit.com/r/dataengineering/comments/1jefn4j/course_selection_for_future_data_engineer/,False,False,False,False
1je9tf3,Es SAC una alternativa buena en 2025?,0,3,Extra-Conference-435,2025-03-18 16:59:26,https://www.reddit.com/r/dataengineering/comments/1je9tf3/es_sac_una_alternativa_buena_en_2025/,False,False,False,False
1jeait1,Avoiding the far right... of the pipeline,0,7,ObjectiveAssist7177,2025-03-18 17:27:39,https://www.reddit.com/r/dataengineering/comments/1jeait1/avoiding_the_far_right_of_the_pipeline/,False,False,False,False
1je2wbb,Masterâ€™s in Data Science or Data Analytics as a Mechanical Engineer?,0,11,Ghost7575,2025-03-18 11:38:00,https://www.reddit.com/r/dataengineering/comments/1je2wbb/masters_in_data_science_or_data_analytics_as_a/,False,False,False,False
1je6txy,What is blockchain data storage?,0,2,Entire_Dark_847,2025-03-18 14:53:52,https://www.reddit.com/r/dataengineering/comments/1je6txy/what_is_blockchain_data_storage/,False,False,False,False
